AL102C	-0.60
AL102D	0.62
AL102E	0.92
AL102F	-1.13
AL102G	0.86
AL102H	0.21
AL102I	-0.51
AL102K	0.93
AL102L	-0.55
AL102M	-0.55
AL102N	0.09
AL102P	1.16
AL102Q	0.05
AL102R	0.98
AL102S	0.31
AL102T	0.28
AL102V	-0.04
AL102W	-0.32
AL102Y	-0.43
AL29C	-0.60
AL29D	-0.26
AL29E	0.14
AL29F	-0.86
AL29G	0.91
AL29H	-0.61
AL29I	-0.17
AL29K	0.12
AL29L	-0.23
AL29M	-0.20
AL29N	-0.58
AL29P	0.92
AL29Q	-0.59
AL29R	0.10
AL29S	0.17
AL29T	-0.08
AL29V	0.29
AL29W	-0.29
AL29Y	-0.59
AL48C	-0.32
AL48D	-0.29
AL48E	0.11
AL48F	-0.53
AL48G	0.69
AL48H	-0.20
AL48I	-0.11
AL48K	-0.31
AL48L	-0.14
AL48M	-0.10
AL48N	-0.33
AL48P	0.71
AL48Q	-0.37
AL48R	-0.15
AL48S	0.30
AL48T	0.29
AL48V	0.45
AL48W	0.11
AL48Y	-0.14
AL51C	-0.73
AL51D	-0.40
AL51E	0.15
AL51F	-0.78
AL51G	0.70
AL51H	-0.45
AL51I	-0.27
AL51K	-0.05
AL51L	-0.32
AL51M	-0.29
AL51N	-0.63
AL51P	0.86
AL51Q	-0.64
AL51R	0.03
AL51S	-0.06
AL51T	-0.09
AL51V	0.09
AL51W	0.00
AL51Y	-0.31
DL60A	0.56
DL60C	0.52
DL60E	0.80
DL60F	0.46
DL60G	0.73
DL60H	0.45
DL60I	0.30
DL60K	0.19
DL60L	0.32
DL60M	0.20
DL60N	0.93
DL60P	0.51
DL60Q	0.71
DL60R	0.68
DL60S	0.94
DL60T	0.77
DL60V	0.29
DL60W	0.04
DL60Y	0.57
DL98A	0.58
DL98C	0.50
DL98E	0.67
DL98F	0.72
DL98G	0.73
DL98H	0.36
DL98I	0.52
DL98K	0.16
DL98L	0.56
DL98M	0.40
DL98N	0.95
DL98P	0.55
DL98Q	0.67
DL98R	0.59
DL98S	0.98
DL98T	0.87
DL98V	0.39
DL98W	0.39
DL98Y	0.75
EL100A	0.42
EL100C	0.44
EL100D	0.52
EL100F	0.37
EL100G	0.57
EL100H	0.36
EL100I	0.11
EL100K	0.64
EL100L	0.13
EL100M	0.26
EL100N	0.68
EL100P	0.58
EL100Q	0.45
EL100R	0.46
EL100S	0.86
EL100T	0.91
EL100V	0.17
EL100W	0.47
EL100Y	0.66
EL103A	0.89
EL103C	0.96
EL103D	1.09
EL103F	0.73
EL103G	1.10
EL103H	0.85
EL103I	0.55
EL103K	0.89
EL103L	0.56
EL103M	0.71
EL103N	1.22
EL103P	1.11
EL103Q	0.90
EL103R	0.85
EL103S	1.24
EL103T	1.34
EL103V	0.67
EL103W	0.85
EL103Y	0.85
FL35A	1.49
FL35C	0.96
FL35D	1.02
FL35E	1.36
FL35G	1.71
FL35H	1.10
FL35I	1.12
FL35K	1.09
FL35L	1.17
FL35M	0.74
FL35N	0.83
FL35P	1.31
FL35Q	1.01
FL35R	0.85
FL35S	1.22
FL35T	1.06
FL35V	1.19
FL35W	0.57
FL35Y	0.57
FL45A	1.16
FL45C	0.76
FL45D	0.84
FL45E	0.93
FL45G	1.42
FL45H	0.62
FL45I	0.83
FL45K	0.76
FL45L	0.96
FL45M	0.26
FL45N	0.41
FL45P	1.01
FL45Q	0.57
FL45R	0.54
FL45S	0.90
FL45T	0.78
FL45V	0.93
FL45W	0.06
FL45Y	0.18
GL28A	0.44
GL28C	0.17
GL28D	0.25
GL28E	0.27
GL28F	-0.10
GL28H	0.00
GL28I	0.44
GL28K	0.26
GL28L	0.43
GL28M	-0.02
GL28N	0.08
GL28P	0.62
GL28Q	0.35
GL28R	0.66
GL28S	0.26
GL28T	0.48
GL28V	0.56
GL28W	0.12
GL28Y	-0.08
HL30A	1.09
HL30C	1.01
HL30D	0.85
HL30E	1.02
HL30F	0.75
HL30G	1.08
HL30I	1.23
HL30K	0.76
HL30L	1.59
HL30M	1.01
HL30N	0.66
HL30P	1.18
HL30Q	0.80
HL30R	0.70
HL30S	0.79
HL30T	0.68
HL30V	1.12
HL30W	0.86
HL30Y	0.58
IL99A	1.10
IL99C	0.43
IL99D	1.88
IL99E	1.58
IL99F	-0.11
IL99G	1.46
IL99H	1.01
IL99K	1.04
IL99L	0.58
IL99M	0.15
IL99N	0.91
IL99P	2.22
IL99Q	0.79
IL99R	0.91
IL99S	0.74
IL99T	0.39
IL99V	0.87
IL99W	0.45
IL99Y	0.01
LL59A	0.79
LL59C	0.06
LL59D	0.70
LL59E	1.11
LL59F	-0.01
LL59G	1.08
LL59H	0.74
LL59I	0.53
LL59K	0.75
LL59M	-0.02
LL59N	0.52
LL59P	1.64
LL59Q	0.51
LL59R	0.69
LL59S	0.26
LL59T	0.12
LL59V	0.61
LL59W	0.66
LL59Y	-0.11
ML55A	0.75
ML55C	0.78
ML55D	0.73
ML55E	0.48
ML55F	0.45
ML55G	0.92
ML55H	0.28
ML55I	0.37
ML55K	0.35
ML55L	0.38
ML55N	0.38
ML55P	0.59
ML55Q	0.63
ML55R	0.47
ML55S	0.50
ML55T	0.36
ML55V	0.68
ML55W	0.44
ML55Y	0.22
NL57A	0.29
NL57C	0.30
NL57D	0.15
NL57E	0.71
NL57F	0.49
NL57G	0.48
NL57H	0.32
NL57I	0.45
NL57K	0.84
NL57L	0.50
NL57M	0.33
NL57P	0.34
NL57Q	0.24
NL57R	0.64
NL57S	0.41
NL57T	0.34
NL57V	0.27
NL57W	0.45
NL57Y	0.52
NL72A	0.50
NL72C	0.40
NL72D	0.20
NL72E	0.64
NL72F	0.56
NL72G	0.60
NL72H	0.26
NL72I	0.57
NL72K	0.73
NL72L	0.64
NL72M	0.43
NL72P	0.35
NL72Q	0.34
NL72R	0.49
NL72S	0.52
NL72T	0.42
NL72V	0.40
NL72W	0.56
NL72Y	0.57
RL31A	1.31
RL31C	1.16
RL31D	1.10
RL31E	1.44
RL31F	0.99
RL31G	1.98
RL31H	1.25
RL31I	1.13
RL31K	0.82
RL31L	1.07
RL31M	1.26
RL31N	1.05
RL31P	2.99
RL31Q	1.27
RL31S	1.28
RL31T	1.13
RL31V	1.14
RL31W	0.93
RL31Y	1.12
RL97A	1.02
RL97C	1.12
RL97D	0.94
RL97E	1.21
RL97F	1.14
RL97G	1.74
RL97H	1.10
RL97I	1.15
RL97K	0.89
RL97L	1.08
RL97M	1.23
RL97N	0.88
RL97P	2.52
RL97Q	1.05
RL97S	0.85
RL97T	0.87
RL97V	0.98
RL97W	1.03
RL97Y	1.01
SL52A	0.36
SL52C	0.39
SL52D	0.58
SL52E	0.52
SL52F	0.24
SL52G	0.97
SL52H	0.66
SL52I	0.72
SL52K	0.64
SL52L	0.75
SL52M	0.47
SL52N	0.59
SL52P	0.86
SL52Q	0.76
SL52R	0.86
SL52T	0.64
SL52V	0.48
SL52W	0.43
SL52Y	0.35
YL104A	2.38
YL104C	1.50
YL104D	2.21
YL104E	1.85
YL104F	0.50
YL104G	2.25
YL104H	0.96
YL104I	1.66
YL104K	1.73
YL104L	1.08
YL104M	1.17
YL104N	1.83
YL104P	3.01
YL104Q	1.64
YL104R	1.51
YL104S	1.84
YL104T	1.74
YL104V	1.67
YL104W	0.31