HL100A	0.95
HL100C	0.71
HL100D	0.54
HL100E	0.48
HL100F	0.42
HL100G	0.89
HL100I	0.82
HL100K	0.44
HL100L	1.10
HL100M	0.63
HL100N	0.39
HL100P	0.89
HL100Q	0.40
HL100R	0.38
HL100S	0.52
HL100T	0.45
HL100V	0.85
HL100W	0.68
HL100Y	0.37
LL105A	1.69
LL105C	0.21
LL105D	2.96
LL105E	2.17
LL105F	0.15
LL105G	2.26
LL105H	0.96
LL105I	1.53
LL105K	1.31
LL105M	0.08
LL105N	0.95
LL105P	4.35
LL105Q	0.66
LL105R	1.12
LL105S	1.00
LL105T	0.51
LL105V	1.39
LL105W	0.42
LL105Y	-0.22
LL106A	1.08
LL106C	0.04
LL106D	1.04
LL106E	0.79
LL106F	-0.12
LL106G	1.34
LL106H	0.40
LL106I	0.77
LL106K	0.59
LL106M	0.02
LL106N	0.38
LL106P	2.06
LL106Q	0.28
LL106R	0.52
LL106S	0.17
LL106T	-0.22
LL106V	0.78
LL106W	0.29
LL106Y	-0.32
RL27A	1.00
RL27C	0.84
RL27D	0.73
RL27E	1.15
RL27F	0.86
RL27G	1.36
RL27H	0.88
RL27I	0.86
RL27K	0.58
RL27L	0.79
RL27M	0.91
RL27N	0.62
RL27P	1.85
RL27Q	0.90
RL27S	0.76
RL27T	0.60
RL27V	0.93
RL27W	0.87
RL27Y	0.84
RL52A	1.15
RL52C	1.08
RL52D	0.94
RL52E	1.20
RL52F	0.86
RL52G	1.96
RL52H	1.04
RL52I	0.96
RL52K	0.61
RL52L	0.89
RL52M	1.05
RL52N	0.93
RL52P	3.47
RL52Q	1.01
RL52S	0.88
RL52T	0.88
RL52V	0.90
RL52W	0.74
RL52Y	0.89
SL103A	0.52
SL103C	0.67
SL103D	0.95
SL103E	0.65
SL103F	0.41
SL103G	0.94
SL103H	0.77
SL103I	0.76
SL103K	0.77
SL103L	0.89
SL103M	0.60
SL103N	0.80
SL103P	0.92
SL103Q	0.95
SL103R	0.94
SL103T	0.82
SL103V	0.66
SL103W	0.43
SL103Y	0.37
SL30A	0.24
SL30C	0.38
SL30D	0.29
SL30E	0.03
SL30F	0.24
SL30G	0.69
SL30H	0.53
SL30I	0.41
SL30K	0.38
SL30L	0.44
SL30M	0.39
SL30N	0.48
SL30P	0.47
SL30Q	0.64
SL30R	0.44
SL30T	0.52
SL30V	0.34
SL30W	0.40
SL30Y	0.28
SL54A	0.49
SL54C	0.47
SL54D	0.46
SL54E	0.34
SL54F	0.55
SL54G	1.00
SL54H	0.78
SL54I	0.74
SL54K	0.78
SL54L	0.77
SL54M	0.64
SL54N	0.55
SL54P	0.72
SL54Q	0.83
SL54R	0.86
SL54T	0.52
SL54V	0.51
SL54W	0.63
SL54Y	0.50
SL57A	0.35
SL57C	0.31
SL57D	0.42
SL57E	0.28
SL57F	0.08
SL57G	0.80
SL57H	0.44
SL57I	0.40
SL57K	0.35
SL57L	0.42
SL57M	0.20
SL57N	0.39
SL57P	0.64
SL57Q	0.51
SL57R	0.56
SL57T	0.48
SL57V	0.28
SL57W	0.22
SL57Y	0.02
VL102A	0.83
VL102C	0.60
VL102D	0.94
VL102E	0.69
VL102F	0.36
VL102G	1.34
VL102H	0.64
VL102I	0.78
VL102K	1.09
VL102L	0.79
VL102M	0.42
VL102N	0.57
VL102P	0.97
VL102Q	0.65
VL102R	1.03
VL102S	0.26
VL102T	0.45
VL102W	0.67
VL102Y	0.17
WL112A	1.68
WL112C	1.31
WL112D	1.26
WL112E	1.10
WL112F	1.13
WL112G	1.53
WL112H	1.08
WL112I	1.34
WL112K	1.06
WL112L	1.33
WL112M	1.09
WL112N	1.32
WL112P	1.52
WL112Q	1.04
WL112R	1.37
WL112S	1.35
WL112T	1.26
WL112V	1.26
WL112Y	1.32
YL101A	1.94
YL101C	1.51
YL101D	2.59
YL101E	1.69
YL101F	0.47
YL101G	2.17
YL101H	0.80
YL101I	1.81
YL101K	1.74
YL101L	1.17
YL101M	1.17
YL101N	1.85
YL101P	3.43
YL101Q	1.44
YL101R	1.58
YL101S	1.96
YL101T	2.11
YL101V	1.74
YL101W	0.11
YL104A	2.49
YL104C	2.12
YL104D	3.47
YL104E	2.68
YL104F	0.98
YL104G	2.81
YL104H	1.60
YL104I	1.89
YL104K	2.47
YL104L	1.38
YL104M	1.74
YL104N	2.68
YL104P	3.80
YL104Q	2.24
YL104R	2.30
YL104S	2.54
YL104T	2.69
YL104V	2.24
YL104W	0.56