DL119A	1.13
DL119C	0.94
DL119E	0.73
DL119F	0.73
DL119G	1.09
DL119H	0.70
DL119I	0.33
DL119K	0.37
DL119L	0.32
DL119M	0.50
DL119N	1.18
DL119P	0.91
DL119Q	0.76
DL119R	0.93
DL119S	1.27
DL119T	1.00
DL119V	0.49
DL119W	0.55
DL119Y	0.58
DL51A	0.94
DL51C	0.80
DL51E	0.83
DL51F	0.93
DL51G	0.95
DL51H	0.90
DL51I	0.79
DL51K	1.09
DL51L	0.78
DL51M	0.86
DL51N	1.02
DL51P	0.92
DL51Q	1.01
DL51R	1.41
DL51S	1.17
DL51T	1.00
DL51V	0.69
DL51W	0.63
DL51Y	0.85
EL127A	0.68
EL127C	0.68
EL127D	0.77
EL127F	0.65
EL127G	0.85
EL127H	0.60
EL127I	0.42
EL127K	0.58
EL127L	0.45
EL127M	0.55
EL127N	0.86
EL127P	0.72
EL127Q	0.82
EL127R	0.56
EL127S	1.11
EL127T	1.09
EL127V	0.49
EL127W	0.57
EL127Y	0.90
GL131A	0.30
GL131C	0.17
GL131D	0.70
GL131E	0.58
GL131F	0.12
GL131H	0.28
GL131I	0.45
GL131K	0.54
GL131L	0.45
GL131M	0.14
GL131N	0.35
GL131P	0.39
GL131Q	0.51
GL131R	0.86
GL131S	0.14
GL131T	0.43
GL131V	0.55
GL131W	0.26
GL131Y	-0.09
LL121A	1.28
LL121C	0.32
LL121D	1.97
LL121E	2.26
LL121F	0.29
LL121G	1.84
LL121H	1.35
LL121I	1.02
LL121K	1.34
LL121M	0.35
LL121N	1.12
LL121P	2.62
LL121Q	1.11
LL121R	1.24
LL121S	1.04
LL121T	0.73
LL121V	1.09
LL121W	1.01
LL121Y	0.30
LL129A	0.89
LL129C	0.17
LL129D	1.08
LL129E	1.35
LL129F	0.06
LL129G	1.29
LL129H	0.80
LL129I	0.51
LL129K	0.66
LL129M	0.08
LL129N	0.73
LL129P	1.76
LL129Q	0.67
LL129R	0.62
LL129S	0.52
LL129T	0.32
LL129V	0.59
LL129W	0.61
LL129Y	0.12
NL120A	0.38
NL120C	0.40
NL120D	0.13
NL120E	0.39
NL120F	0.51
NL120G	0.50
NL120H	0.03
NL120I	0.51
NL120K	0.58
NL120L	0.56
NL120M	0.33
NL120P	0.36
NL120Q	0.05
NL120R	0.42
NL120S	0.39
NL120T	0.36
NL120V	0.32
NL120W	0.42
NL120Y	0.55
NL128A	0.42
NL128C	0.35
NL128D	0.15
NL128E	0.56
NL128F	0.59
NL128G	0.49
NL128H	0.14
NL128I	0.54
NL128K	0.83
NL128L	0.57
NL128M	0.38
NL128P	0.38
NL128Q	0.22
NL128R	0.68
NL128S	0.36
NL128T	0.31
NL128V	0.40
NL128W	0.55
NL128Y	0.62
NL74A	0.49
NL74C	0.41
NL74D	0.34
NL74E	0.72
NL74F	0.56
NL74G	0.87
NL74H	0.38
NL74I	0.44
NL74K	1.07
NL74L	0.46
NL74M	0.34
NL74P	0.42
NL74Q	0.49
NL74R	0.74
NL74S	0.60
NL74T	0.45
NL74V	0.31
NL74W	0.54
NL74Y	0.66
NL75A	1.70
NL75C	1.55
NL75D	1.67
NL75E	1.94
NL75F	1.45
NL75G	2.00
NL75H	1.38
NL75I	1.49
NL75K	1.74
NL75L	1.48
NL75M	1.53
NL75P	1.47
NL75Q	1.57
NL75R	1.69
NL75S	1.77
NL75T	1.55
NL75V	1.45
NL75W	1.64
NL75Y	1.64
PL82A	0.55
PL82C	-0.07
PL82D	-0.13
PL82E	-0.10
PL82F	-0.09
PL82G	0.43
PL82H	0.27
PL82I	0.02
PL82K	0.49
PL82L	-0.13
PL82M	0.01
PL82N	0.14
PL82Q	0.02
PL82R	0.54
PL82S	0.25
PL82T	-0.02
PL82V	0.22
PL82W	0.25
PL82Y	0.04
RL124A	0.11
RL124C	0.12
RL124D	0.04
RL124E	0.53
RL124F	0.08
RL124G	0.67
RL124H	0.21
RL124I	0.05
RL124K	-0.30
RL124L	-0.05
RL124M	0.13
RL124N	-0.02
RL124P	2.48
RL124Q	0.25
RL124S	-0.04
RL124T	-0.06
RL124V	0.15
RL124W	0.32
RL124Y	0.23
RL71A	0.80
RL71C	0.75
RL71D	0.68
RL71E	1.07
RL71F	0.63
RL71G	1.54
RL71H	0.87
RL71I	0.76
RL71K	0.38
RL71L	0.68
RL71M	0.93
RL71N	0.63
RL71P	2.90
RL71Q	0.90
RL71S	0.61
RL71T	0.56
RL71V	0.76
RL71W	0.82
RL71Y	0.72
RL77A	0.86
RL77C	0.86
RL77D	0.63
RL77E	0.96
RL77F	0.75
RL77G	1.47
RL77H	0.69
RL77I	0.76
RL77K	0.30
RL77L	0.70
RL77M	0.78
RL77N	0.57
RL77P	2.70
RL77Q	0.68
RL77S	0.60
RL77T	0.56
RL77V	0.76
RL77W	0.72
RL77Y	0.66
SL79A	0.25
SL79C	0.16
SL79D	0.05
SL79E	-0.16
SL79F	-0.24
SL79G	0.72
SL79H	-0.02
SL79I	-0.03
SL79K	-0.01
SL79L	-0.03
SL79M	-0.10
SL79N	0.03
SL79P	0.40
SL79Q	0.15
SL79R	0.08
SL79T	0.10
SL79V	0.10
SL79W	-0.18
SL79Y	-0.38
WL68A	1.48
WL68C	1.22
WL68D	1.47
WL68E	1.30
WL68F	0.78
WL68G	1.57
WL68H	1.29
WL68I	1.19
WL68K	1.36
WL68L	1.19
WL68M	0.97
WL68N	1.67
WL68P	1.52
WL68Q	1.50
WL68R	2.02
WL68S	1.41
WL68T	1.40
WL68V	1.10
WL68Y	1.10
YL130A	1.82
YL130C	1.41
YL130D	2.16
YL130E	1.75
YL130F	0.80
YL130G	1.95
YL130H	1.39
YL130I	1.63
YL130K	1.73
YL130L	1.38
YL130M	1.35
YL130N	2.08
YL130P	2.51
YL130Q	1.93
YL130R	1.67
YL130S	1.50
YL130T	1.59
YL130V	1.62
YL130W	0.62
YL73A	1.85
YL73C	1.43
YL73D	2.47
YL73E	1.82
YL73F	0.73
YL73G	1.97
YL73H	1.30
YL73I	1.57
YL73K	1.63
YL73L	1.25
YL73M	1.34
YL73N	2.12
YL73P	2.62
YL73Q	1.95
YL73R	1.51
YL73S	1.61
YL73T	1.60
YL73V	1.53
YL73W	0.73