HL100A	0.89
HL100C	0.66
HL100D	0.49
HL100E	0.44
HL100F	0.45
HL100G	0.91
HL100I	0.84
HL100K	0.36
HL100L	1.23
HL100M	0.58
HL100N	0.36
HL100P	0.94
HL100Q	0.34
HL100R	0.30
HL100S	0.49
HL100T	0.42
HL100V	0.81
HL100W	0.63
HL100Y	0.31
LL105A	1.41
LL105C	-0.04
LL105D	3.26
LL105E	2.43
LL105F	0.35
LL105G	2.22
LL105H	1.45
LL105I	1.20
LL105K	1.62
LL105M	0.04
LL105N	1.26
LL105P	4.34
LL105Q	1.04
LL105R	1.43
LL105S	1.13
LL105T	0.72
LL105V	1.04
LL105W	0.70
LL105Y	0.29
LL106A	0.84
LL106C	-0.15
LL106D	1.04
LL106E	0.82
LL106F	-0.30
LL106G	1.25
LL106H	0.31
LL106I	0.55
LL106K	0.57
LL106M	-0.16
LL106N	0.40
LL106P	2.11
LL106Q	0.30
LL106R	0.51
LL106S	0.11
LL106T	-0.17
LL106V	0.54
LL106W	0.09
LL106Y	-0.44
RL27A	1.00
RL27C	0.84
RL27D	0.73
RL27E	1.15
RL27F	0.86
RL27G	1.36
RL27H	0.88
RL27I	0.86
RL27K	0.58
RL27L	0.79
RL27M	0.91
RL27N	0.62
RL27P	1.85
RL27Q	0.90
RL27S	0.76
RL27T	0.60
RL27V	0.93
RL27W	0.87
RL27Y	0.84
RL52A	1.15
RL52C	1.08
RL52D	0.94
RL52E	1.20
RL52F	0.86
RL52G	1.96
RL52H	1.04
RL52I	0.96
RL52K	0.61
RL52L	0.89
RL52M	1.05
RL52N	0.93
RL52P	3.47
RL52Q	1.01
RL52S	0.88
RL52T	0.88
RL52V	0.90
RL52W	0.74
RL52Y	0.89
SL103A	0.44
SL103C	0.62
SL103D	0.92
SL103E	0.65
SL103F	0.41
SL103G	0.94
SL103H	0.78
SL103I	0.86
SL103K	0.89
SL103L	0.99
SL103M	0.63
SL103N	0.73
SL103P	0.95
SL103Q	1.00
SL103R	1.03
SL103T	0.83
SL103V	0.69
SL103W	0.39
SL103Y	0.40
SL30A	0.24
SL30C	0.38
SL30D	0.29
SL30E	0.03
SL30F	0.24
SL30G	0.69
SL30H	0.53
SL30I	0.41
SL30K	0.38
SL30L	0.44
SL30M	0.39
SL30N	0.48
SL30P	0.47
SL30Q	0.64
SL30R	0.44
SL30T	0.52
SL30V	0.34
SL30W	0.40
SL30Y	0.28
SL54A	0.46
SL54C	0.45
SL54D	0.47
SL54E	0.39
SL54F	0.52
SL54G	1.02
SL54H	0.79
SL54I	0.76
SL54K	0.81
SL54L	0.77
SL54M	0.62
SL54N	0.56
SL54P	0.73
SL54Q	0.81
SL54R	0.90
SL54T	0.51
SL54V	0.48
SL54W	0.70
SL54Y	0.47
SL57A	0.38
SL57C	0.33
SL57D	0.47
SL57E	0.35
SL57F	0.10
SL57G	0.89
SL57H	0.52
SL57I	0.38
SL57K	0.40
SL57L	0.41
SL57M	0.22
SL57N	0.46
SL57P	0.71
SL57Q	0.57
SL57R	0.63
SL57T	0.54
SL57V	0.31
SL57W	0.23
SL57Y	0.08
VL102A	1.27
VL102C	1.01
VL102D	1.72
VL102E	0.97
VL102F	0.31
VL102G	1.89
VL102H	0.87
VL102I	0.83
VL102K	1.21
VL102L	0.84
VL102M	0.45
VL102N	1.00
VL102P	1.30
VL102Q	0.83
VL102R	1.26
VL102S	0.78
VL102T	0.77
VL102W	0.72
VL102Y	0.13
WL112A	1.68
WL112C	1.31
WL112D	1.26
WL112E	1.10
WL112F	1.13
WL112G	1.53
WL112H	1.08
WL112I	1.34
WL112K	1.06
WL112L	1.33
WL112M	1.09
WL112N	1.32
WL112P	1.52
WL112Q	1.04
WL112R	1.37
WL112S	1.35
WL112T	1.26
WL112V	1.26
WL112Y	1.32
YL101A	1.96
YL101C	1.69
YL101D	2.98
YL101E	2.07
YL101F	0.41
YL101G	2.22
YL101H	0.90
YL101I	1.97
YL101K	1.99
YL101L	1.29
YL101M	1.33
YL101N	1.99
YL101P	3.57
YL101Q	1.66
YL101R	1.80
YL101S	2.05
YL101T	2.35
YL101V	2.05
YL101W	0.22
YL104A	2.62
YL104C	2.26
YL104D	3.70
YL104E	2.90
YL104F	1.00
YL104G	3.00
YL104H	1.75
YL104I	1.96
YL104K	2.64
YL104L	1.47
YL104M	1.83
YL104N	2.84
YL104P	3.91
YL104Q	2.43
YL104R	2.44
YL104S	2.68
YL104T	2.84
YL104V	2.33
YL104W	0.56