HL100A	-0.31
HL100C	0.71
HL100D	-0.19
HL100E	-0.53
HL100F	-0.49
HL100G	-0.27
HL100I	-0.62
HL100K	-0.84
HL100L	-0.05
HL100M	0.15
HL100N	-0.13
HL100P	0.49
HL100Q	-0.73
HL100R	-0.83
HL100S	-0.24
HL100T	0.19
HL100V	0.19
HL100W	0.33
HL100Y	-0.55
LL105A	0.52
LL105C	0.36
LL105D	0.25
LL105E	0.53
LL105F	0.5
LL105G	0.68
LL105H	0.48
LL105I	0.89
LL105K	0.46
LL105M	0.42
LL105N	0.39
LL105P	0.95
LL105Q	0.24
LL105R	0.2
LL105S	0.28
LL105T	0.32
LL105V	0.52
LL105W	0.34
LL105Y	0.47
LL106A	1.76
LL106C	1.83
LL106D	1.36
LL106E	1.29
LL106F	1.16
LL106G	1.82
LL106H	1.31
LL106I	0.24
LL106K	1.69
LL106M	0.03
LL106N	1.29
LL106P	-0.59
LL106Q	1.47
LL106R	1.29
LL106S	0.92
LL106T	1.18
LL106V	1.04
LL106W	-0.1
LL106Y	0.9
RL27A	0.27
RL27C	0.37
RL27D	0.09
RL27E	0.36
RL27F	0.22
RL27G	0.29
RL27H	0.33
RL27I	0.17
RL27K	0.07
RL27L	0.08
RL27M	-0.04
RL27N	-0.09
RL27P	0.52
RL27Q	-0.01
RL27S	0.44
RL27T	0.4
RL27V	0.39
RL27W	0.15
RL27Y	0.2
RL52A	2.5
RL52C	3.35
RL52D	3.25
RL52E	3.17
RL52F	2.7
RL52G	2.82
RL52H	2.5
RL52I	3.56
RL52K	1.56
RL52L	2.68
RL52M	2.33
RL52N	1.06
RL52P	3.59
RL52Q	2.82
RL52S	1.12
RL52T	1.67
RL52V	3.57
RL52W	3.87
RL52Y	3.54
SL103A	0.43
SL103C	0.73
SL103D	0.6
SL103E	1.52
SL103F	0.54
SL103G	0.69
SL103H	1.16
SL103I	1.62
SL103K	0.77
SL103L	0.7
SL103M	0.87
SL103N	1.66
SL103P	0.52
SL103Q	1.31
SL103R	1.37
SL103T	1.48
SL103V	0.78
SL103W	1.04
SL103Y	0.74
SL30A	1.11
SL30C	1.78
SL30D	1.28
SL30E	1.77
SL30F	1.7
SL30G	1.34
SL30H	1.76
SL30I	2.07
SL30K	1.86
SL30L	2.04
SL30M	1.78
SL30N	1.1
SL30P	1.57
SL30Q	1.21
SL30R	1.25
SL30T	1.44
SL30V	1.95
SL30W	1.84
SL30Y	1.71
SL54A	0.52
SL54C	0.95
SL54D	0.04
SL54E	0.41
SL54F	1.07
SL54G	0.67
SL54H	1.08
SL54I	0.96
SL54K	1.39
SL54L	1.16
SL54M	0.39
SL54N	0.82
SL54P	0.48
SL54Q	0.79
SL54R	0.85
SL54T	0.44
SL54V	0.75
SL54W	1.11
SL54Y	0.93
SL57A	1.34
SL57C	1.31
SL57D	2.69
SL57E	2.15
SL57F	1.71
SL57G	1.76
SL57H	2.06
SL57I	1.39
SL57K	1.25
SL57L	1.85
SL57M	1.44
SL57N	1.07
SL57P	1.42
SL57Q	0.27
SL57R	1.91
SL57T	0.42
SL57V	1.33
SL57W	1.73
SL57Y	1.62
VL102A	0.1
VL102C	1.05
VL102D	0.93
VL102E	0.36
VL102F	2.09
VL102G	1.52
VL102H	2.4
VL102I	0.57
VL102K	2.3
VL102L	0.56
VL102M	0.21
VL102N	1.15
VL102P	0.73
VL102Q	0.61
VL102R	1.8
VL102S	1.48
VL102T	1.24
VL102W	2.53
VL102Y	1.97
WL112A	0.5
WL112C	0.42
WL112D	0.29
WL112E	0.34
WL112F	0.5
WL112G	0.67
WL112H	0.04
WL112I	0.25
WL112K	0.15
WL112L	0.13
WL112M	0.18
WL112N	0.74
WL112P	1.08
WL112Q	0.1
WL112R	0.19
WL112S	0.75
WL112T	0.51
WL112V	0.22
WL112Y	0.71
YL101A	1.24
YL101C	1.58
YL101D	2.06
YL101E	1.7
YL101F	0.57
YL101G	1.09
YL101H	0.85
YL101I	1.49
YL101K	0.96
YL101L	1.32
YL101M	0.89
YL101N	1.33
YL101P	1.76
YL101Q	0.19
YL101R	0.14
YL101S	1.27
YL101T	1.6
YL101V	1.34
YL101W	0.45
YL104A	0.88
YL104C	1.68
YL104D	1.51
YL104E	1.48
YL104F	0.29
YL104G	1.68
YL104H	1.49
YL104I	0.66
YL104K	0.66
YL104L	0.68
YL104M	0.47
YL104N	1.38
YL104P	0.54
YL104Q	0.31
YL104R	0.85
YL104S	1.72
YL104T	1.77
YL104V	0.89
YL104W	0.41