DL119A	1.0
DL119C	0.91
DL119E	0.76
DL119F	1.75
DL119G	1.65
DL119H	3.15
DL119I	0.83
DL119K	2.39
DL119L	1.83
DL119M	1.51
DL119N	0.84
DL119P	0.85
DL119Q	1.14
DL119R	1.87
DL119S	1.69
DL119T	1.77
DL119V	1.01
DL119W	2.01
DL119Y	2.19
DL51A	0.65
DL51C	0.92
DL51E	0.41
DL51F	0.78
DL51G	0.61
DL51H	1.06
DL51I	1.22
DL51K	0.74
DL51L	0.62
DL51M	0.66
DL51N	0.38
DL51P	0.79
DL51Q	0.57
DL51R	0.69
DL51S	-0.15
DL51T	0.96
DL51V	0.9
DL51W	1.26
DL51Y	0.74
EL127A	-0.12
EL127C	-0.04
EL127D	-0.13
EL127F	-0.05
EL127G	-0.11
EL127H	-0.12
EL127I	-0.09
EL127K	1.24
EL127L	-0.04
EL127M	-0.1
EL127N	-0.08
EL127P	-0.1
EL127Q	-0.06
EL127R	-0.07
EL127S	-0.09
EL127T	-0.13
EL127V	-0.09
EL127W	-0.11
EL127Y	-0.14
GL131A	1.81
GL131C	1.86
GL131D	2.11
GL131E	2.11
GL131F	1.86
GL131H	1.79
GL131I	1.89
GL131K	2.02
GL131L	1.87
GL131M	1.8
GL131N	1.57
GL131P	1.83
GL131Q	1.79
GL131R	2.15
GL131S	1.89
GL131T	1.54
GL131V	1.95
GL131W	2.09
GL131Y	1.71
LL121A	1.53
LL121C	1.21
LL121D	1.9
LL121E	2.1
LL121F	0.12
LL121G	1.12
LL121H	1.0
LL121I	0.69
LL121K	1.25
LL121M	0.06
LL121N	1.04
LL121P	1.31
LL121Q	1.3
LL121R	2.12
LL121S	1.0
LL121T	0.8
LL121V	1.21
LL121W	1.48
LL121Y	0.21
LL129A	-0.04
LL129C	-0.08
LL129D	-0.15
LL129E	-0.16
LL129F	-0.01
LL129G	-0.07
LL129H	0.01
LL129I	-0.08
LL129K	-0.18
LL129M	-0.1
LL129N	-0.12
LL129P	-0.17
LL129Q	0.05
LL129R	-0.14
LL129S	-0.08
LL129T	-0.09
LL129V	-0.09
LL129W	-0.05
LL129Y	-0.04
NL120A	-0.24
NL120C	0.3
NL120D	-0.01
NL120E	-0.44
NL120F	-0.06
NL120G	-0.18
NL120H	0.3
NL120I	-0.01
NL120K	-0.17
NL120L	-0.21
NL120M	-0.09
NL120P	0.17
NL120Q	-0.21
NL120R	-0.11
NL120S	-0.06
NL120T	-0.17
NL120V	0.0
NL120W	0.29
NL120Y	-0.05
NL128A	0.13
NL128C	0.29
NL128D	0.43
NL128E	0.14
NL128F	-0.55
NL128G	0.08
NL128H	0.0
NL128I	0.44
NL128K	0.52
NL128L	-0.23
NL128M	-0.47
NL128P	0.42
NL128Q	0.11
NL128R	-0.01
NL128S	-0.05
NL128T	0.09
NL128V	0.23
NL128W	-0.19
NL128Y	-0.74
NL74A	1.34
NL74C	1.38
NL74D	1.12
NL74E	1.76
NL74F	1.63
NL74G	1.03
NL74H	2.19
NL74I	1.63
NL74K	1.47
NL74L	0.76
NL74M	0.85
NL74P	0.42
NL74Q	0.82
NL74R	2.65
NL74S	0.33
NL74T	0.79
NL74V	1.38
NL74W	2.39
NL74Y	1.6
NL75A	0.1
NL75C	0.34
NL75D	0.11
NL75E	-0.12
NL75F	-0.08
NL75G	-0.43
NL75H	0.27
NL75I	0.52
NL75K	1.22
NL75L	0.42
NL75M	-0.28
NL75P	0.63
NL75Q	0.55
NL75R	1.29
NL75S	-0.33
NL75T	0.54
NL75V	0.55
NL75W	0.06
NL75Y	-0.27
PL82A	0.42
PL82C	0.09
PL82D	-0.3
PL82E	-0.36
PL82F	0.46
PL82G	0.79
PL82H	0.33
PL82I	0.35
PL82K	0.54
PL82L	0.82
PL82M	0.4
PL82N	0.56
PL82Q	0.08
PL82R	0.25
PL82S	0.7
PL82T	0.52
PL82V	0.32
PL82W	0.52
PL82Y	0.39
RL124A	-0.04
RL124C	0.15
RL124D	0.18
RL124E	0.2
RL124F	-0.21
RL124G	-0.1
RL124H	0.07
RL124I	0.16
RL124K	0.31
RL124L	-0.05
RL124M	-0.18
RL124N	0.09
RL124P	0.22
RL124Q	0.14
RL124S	-0.09
RL124T	0.11
RL124V	0.17
RL124W	-0.11
RL124Y	-0.18
RL71A	2.27
RL71C	3.82
RL71D	3.8
RL71E	3.96
RL71F	3.28
RL71G	3.35
RL71H	3.23
RL71I	1.91
RL71K	3.36
RL71L	2.78
RL71M	2.9
RL71N	3.33
RL71P	3.9
RL71Q	3.19
RL71S	3.0
RL71T	2.96
RL71V	1.94
RL71W	3.41
RL71Y	2.78
RL77A	0.21
RL77C	0.58
RL77D	0.19
RL77E	0.38
RL77F	1.12
RL77G	0.07
RL77H	0.4
RL77I	0.93
RL77K	0.83
RL77L	0.45
RL77M	0.38
RL77N	-0.28
RL77P	0.37
RL77Q	0.4
RL77S	-0.28
RL77T	0.25
RL77V	0.54
RL77W	1.26
RL77Y	0.2
SL79A	0.22
SL79C	0.66
SL79D	1.01
SL79E	0.0
SL79F	-1.12
SL79G	0.71
SL79H	-1.14
SL79I	1.49
SL79K	0.11
SL79L	0.4
SL79M	-0.06
SL79N	0.34
SL79P	0.78
SL79Q	0.11
SL79R	0.46
SL79T	0.04
SL79V	0.35
SL79W	0.27
SL79Y	-1.23
WL68A	2.7
WL68C	2.56
WL68D	2.97
WL68E	2.5
WL68F	1.76
WL68G	2.76
WL68H	2.69
WL68I	2.51
WL68K	2.49
WL68L	2.17
WL68M	1.74
WL68N	2.54
WL68P	2.19
WL68Q	2.88
WL68R	1.8
WL68S	2.84
WL68T	3.04
WL68V	2.5
WL68Y	1.68
YL130A	0.77
YL130C	0.35
YL130D	0.89
YL130E	0.41
YL130F	0.01
YL130G	1.18
YL130H	0.09
YL130I	0.09
YL130K	0.31
YL130L	0.22
YL130M	0.13
YL130N	0.22
YL130P	1.15
YL130Q	0.87
YL130R	0.43
YL130S	0.97
YL130T	0.34
YL130V	0.29
YL130W	-0.1
YL73A	2.25
YL73C	2.4
YL73D	2.95
YL73E	2.75
YL73F	1.86
YL73G	2.16
YL73H	2.33
YL73I	2.44
YL73K	2.4
YL73L	2.11
YL73M	2.38
YL73N	2.02
YL73P	2.03
YL73Q	2.45
YL73R	2.43
YL73S	0.7
YL73T	2.18
YL73V	2.43
YL73W	1.37