AL102C	0.88
AL102D	1.9
AL102E	1.82
AL102F	1.63
AL102G	0.58
AL102H	1.33
AL102I	1.88
AL102K	0.65
AL102L	0.8
AL102M	1.29
AL102N	1.62
AL102P	1.8
AL102Q	1.76
AL102R	1.65
AL102S	0.27
AL102T	2.06
AL102V	2.22
AL102W	1.2
AL102Y	1.39
AL29C	0.24
AL29D	0.08
AL29E	-0.06
AL29F	-0.89
AL29G	-0.87
AL29H	1.02
AL29I	-0.13
AL29K	-0.28
AL29L	-0.38
AL29M	-0.48
AL29N	-0.97
AL29P	1.13
AL29Q	-0.32
AL29R	0.06
AL29S	-0.59
AL29T	-0.78
AL29V	0.19
AL29W	0.69
AL29Y	-0.84
AL48C	0.49
AL48D	0.96
AL48E	0.89
AL48F	0.79
AL48G	0.86
AL48H	0.78
AL48I	1.27
AL48K	1.69
AL48L	0.87
AL48M	0.88
AL48N	1.22
AL48P	1.15
AL48Q	1.25
AL48R	1.83
AL48S	0.63
AL48T	0.44
AL48V	0.83
AL48W	0.98
AL48Y	0.79
AL51C	0.5
AL51D	0.81
AL51E	2.06
AL51F	2.22
AL51G	0.92
AL51H	1.55
AL51I	2.15
AL51K	1.62
AL51L	2.61
AL51M	1.59
AL51N	1.76
AL51P	-0.06
AL51Q	1.51
AL51R	1.5
AL51S	-0.18
AL51T	1.49
AL51V	1.69
AL51W	-1.16
AL51Y	0.79
DL60A	0.45
DL60C	0.54
DL60E	0.26
DL60F	0.27
DL60G	0.57
DL60H	0.52
DL60I	0.34
DL60K	0.35
DL60L	0.4
DL60M	0.22
DL60N	0.53
DL60P	0.16
DL60Q	0.28
DL60R	0.4
DL60S	0.45
DL60T	0.36
DL60V	0.36
DL60W	0.25
DL60Y	0.23
DL98A	0.52
DL98C	0.47
DL98E	0.29
DL98F	0.56
DL98G	0.33
DL98H	0.29
DL98I	0.48
DL98K	0.25
DL98L	0.45
DL98M	0.45
DL98N	0.17
DL98P	0.02
DL98Q	0.5
DL98R	0.42
DL98S	0.3
DL98T	0.36
DL98V	0.43
DL98W	0.37
DL98Y	0.53
EL100A	-0.11
EL100C	0.1
EL100D	-0.07
EL100F	-0.3
EL100G	-0.02
EL100H	-0.21
EL100I	-0.23
EL100K	0.12
EL100L	-0.2
EL100M	-0.4
EL100N	0.01
EL100P	1.52
EL100Q	-0.25
EL100R	0.11
EL100S	0.04
EL100T	-0.04
EL100V	-0.11
EL100W	-0.18
EL100Y	-0.08
EL103A	0.01
EL103C	0.48
EL103D	0.11
EL103F	0.02
EL103G	0.04
EL103H	0.28
EL103I	0.34
EL103K	-0.04
EL103L	0.35
EL103M	0.19
EL103N	0.11
EL103P	0.13
EL103Q	-0.12
EL103R	-0.02
EL103S	0.04
EL103T	0.0
EL103V	0.23
EL103W	0.03
EL103Y	0.06
FL35A	2.0
FL35C	2.06
FL35D	2.39
FL35E	2.02
FL35G	2.34
FL35H	1.58
FL35I	1.67
FL35K	2.37
FL35L	1.7
FL35M	1.61
FL35N	2.14
FL35P	2.38
FL35Q	1.65
FL35R	2.12
FL35S	2.02
FL35T	2.02
FL35V	1.91
FL35W	1.38
FL35Y	0.64
FL45A	1.96
FL45C	1.83
FL45D	2.37
FL45E	2.22
FL45G	2.22
FL45H	1.72
FL45I	1.2
FL45K	2.06
FL45L	1.74
FL45M	1.1
FL45N	1.84
FL45P	1.77
FL45Q	1.5
FL45R	1.89
FL45S	2.32
FL45T	2.01
FL45V	1.74
FL45W	0.66
FL45Y	1.07
GL28A	-0.31
GL28C	0.51
GL28D	0.39
GL28E	0.37
GL28F	0.02
GL28H	0.63
GL28I	0.66
GL28K	0.0
GL28L	0.45
GL28M	0.5
GL28N	0.24
GL28P	0.53
GL28Q	0.17
GL28R	0.02
GL28S	-0.51
GL28T	-0.19
GL28V	0.36
GL28W	0.75
GL28Y	0.27
HL30A	0.62
HL30C	0.72
HL30D	0.58
HL30E	0.58
HL30F	-0.4
HL30G	0.77
HL30I	0.4
HL30K	0.62
HL30L	0.43
HL30M	-0.34
HL30N	0.38
HL30P	0.74
HL30Q	0.53
HL30R	0.52
HL30S	-0.02
HL30T	0.58
HL30V	0.67
HL30W	0.38
HL30Y	-1.67
IL99A	0.41
IL99C	0.47
IL99D	0.54
IL99E	0.24
IL99F	0.44
IL99G	0.08
IL99H	0.32
IL99K	0.92
IL99L	0.26
IL99M	0.17
IL99N	0.33
IL99P	0.46
IL99Q	0.22
IL99R	0.24
IL99S	-0.06
IL99T	0.32
IL99V	0.27
IL99W	0.01
IL99Y	-0.01
LL59A	-0.74
LL59C	0.53
LL59D	0.89
LL59E	0.62
LL59F	0.59
LL59G	0.49
LL59H	0.89
LL59I	0.03
LL59K	0.23
LL59M	-0.06
LL59N	0.93
LL59P	0.72
LL59Q	0.37
LL59R	-0.09
LL59S	0.09
LL59T	-0.09
LL59V	-0.49
LL59W	0.67
LL59Y	0.96
ML55A	0.66
ML55C	0.54
ML55D	0.2
ML55E	0.22
ML55F	0.31
ML55G	0.94
ML55H	1.27
ML55I	1.65
ML55K	0.63
ML55L	0.51
ML55N	0.01
ML55P	2.31
ML55Q	0.61
ML55R	1.6
ML55S	0.31
ML55T	1.12
ML55V	1.66
ML55W	1.67
ML55Y	0.16
NL57A	0.69
NL57C	0.72
NL57D	0.58
NL57E	0.59
NL57F	0.14
NL57G	1.01
NL57H	0.01
NL57I	0.71
NL57K	0.43
NL57L	0.21
NL57M	0.34
NL57P	1.5
NL57Q	0.58
NL57R	0.64
NL57S	0.56
NL57T	0.6
NL57V	0.66
NL57W	0.5
NL57Y	-0.62
NL72A	1.36
NL72C	1.36
NL72D	0.84
NL72E	1.12
NL72F	1.2
NL72G	1.3
NL72H	1.09
NL72I	1.19
NL72K	0.96
NL72L	1.36
NL72M	1.07
NL72P	1.27
NL72Q	0.98
NL72R	1.43
NL72S	1.16
NL72T	1.14
NL72V	1.28
NL72W	1.19
NL72Y	1.08
RL31A	-0.9
RL31C	1.2
RL31D	2.06
RL31E	2.17
RL31F	0.86
RL31G	1.98
RL31H	0.85
RL31I	0.78
RL31K	1.35
RL31L	0.21
RL31M	0.31
RL31N	2.09
RL31P	1.22
RL31Q	1.8
RL31S	1.08
RL31T	0.99
RL31V	0.17
RL31W	0.75
RL31Y	-0.61
RL97A	1.59
RL97C	1.63
RL97D	1.3
RL97E	1.97
RL97F	3.01
RL97G	1.66
RL97H	2.78
RL97I	2.62
RL97K	2.12
RL97L	1.67
RL97M	0.56
RL97N	1.4
RL97P	2.83
RL97Q	1.28
RL97S	1.43
RL97T	1.28
RL97V	1.7
RL97W	2.71
RL97Y	2.76
SL52A	0.76
SL52C	0.97
SL52D	0.5
SL52E	0.51
SL52F	1.26
SL52G	1.0
SL52H	1.45
SL52I	1.37
SL52K	1.21
SL52L	1.14
SL52M	0.77
SL52N	1.01
SL52P	0.56
SL52Q	1.03
SL52R	1.4
SL52T	0.89
SL52V	1.29
SL52W	1.41
SL52Y	1.2
YL104A	2.51
YL104C	2.57
YL104D	2.37
YL104E	2.63
YL104F	0.87
YL104G	2.57
YL104H	1.69
YL104I	1.67
YL104K	2.2
YL104L	1.83
YL104M	1.63
YL104N	2.44
YL104P	2.33
YL104Q	2.08
YL104R	1.87
YL104S	2.17
YL104T	2.77
YL104V	2.74
YL104W	None