HL100A	-0.15
HL100C	0.98
HL100D	0.17
HL100E	-0.03
HL100F	-1.11
HL100G	0.01
HL100I	0.05
HL100K	-0.29
HL100L	-0.16
HL100M	0.29
HL100N	-0.05
HL100P	0.91
HL100Q	-0.31
HL100R	-0.45
HL100S	-0.29
HL100T	-0.18
HL100V	0.75
HL100W	0.26
HL100Y	-0.8
LL105A	0.54
LL105C	0.35
LL105D	0.42
LL105E	0.68
LL105F	0.36
LL105G	0.77
LL105H	0.76
LL105I	0.64
LL105K	0.48
LL105M	0.37
LL105N	0.39
LL105P	1.24
LL105Q	0.51
LL105R	0.32
LL105S	0.52
LL105T	0.81
LL105V	0.64
LL105W	0.41
LL105Y	0.38
LL106A	0.45
LL106C	0.51
LL106D	1.34
LL106E	1.3
LL106F	0.99
LL106G	1.02
LL106H	1.16
LL106I	-0.01
LL106K	0.5
LL106M	-0.42
LL106N	1.1
LL106P	-0.81
LL106Q	1.2
LL106R	1.1
LL106S	0.74
LL106T	0.0
LL106V	0.16
LL106W	-0.13
LL106Y	0.53
RL27A	-0.06
RL27C	0.14
RL27D	0.0
RL27E	0.2
RL27F	-0.07
RL27G	0.11
RL27H	-0.11
RL27I	0.26
RL27K	-0.3
RL27L	-0.19
RL27M	-0.24
RL27N	-0.2
RL27P	0.27
RL27Q	-0.24
RL27S	-0.12
RL27T	0.25
RL27V	0.23
RL27W	0.24
RL27Y	-0.02
RL52A	2.22
RL52C	3.69
RL52D	2.25
RL52E	3.28
RL52F	2.79
RL52G	2.32
RL52H	3.5
RL52I	3.9
RL52K	1.33
RL52L	2.81
RL52M	2.48
RL52N	1.07
RL52P	3.44
RL52Q	3.01
RL52S	0.97
RL52T	1.54
RL52V	3.8
RL52W	4.01
RL52Y	3.86
SL103A	0.47
SL103C	0.85
SL103D	0.94
SL103E	1.83
SL103F	1.16
SL103G	0.42
SL103H	1.73
SL103I	0.96
SL103K	1.68
SL103L	0.74
SL103M	1.66
SL103N	0.16
SL103P	1.28
SL103Q	1.59
SL103R	1.37
SL103T	0.09
SL103V	1.26
SL103W	1.56
SL103Y	1.69
SL30A	0.61
SL30C	1.25
SL30D	0.57
SL30E	0.55
SL30F	1.19
SL30G	0.57
SL30H	1.39
SL30I	1.28
SL30K	0.72
SL30L	1.13
SL30M	0.81
SL30N	0.55
SL30P	0.93
SL30Q	0.69
SL30R	1.1
SL30T	0.48
SL30V	1.16
SL30W	1.47
SL30Y	1.2
SL54A	0.69
SL54C	0.78
SL54D	0.1
SL54E	0.29
SL54F	0.66
SL54G	0.65
SL54H	0.82
SL54I	0.84
SL54K	1.06
SL54L	0.68
SL54M	0.09
SL54N	0.72
SL54P	0.44
SL54Q	0.64
SL54R	0.21
SL54T	0.45
SL54V	0.67
SL54W	0.5
SL54Y	0.63
SL57A	1.41
SL57C	1.2
SL57D	2.64
SL57E	1.41
SL57F	1.8
SL57G	1.89
SL57H	1.73
SL57I	1.48
SL57K	2.06
SL57L	1.38
SL57M	1.57
SL57N	1.07
SL57P	1.47
SL57Q	1.33
SL57R	1.31
SL57T	0.53
SL57V	1.49
SL57W	2.03
SL57Y	1.84
VL102A	1.44
VL102C	0.64
VL102D	1.67
VL102E	0.29
VL102F	1.51
VL102G	1.82
VL102H	1.72
VL102I	0.27
VL102K	1.85
VL102L	0.31
VL102M	-0.11
VL102N	0.62
VL102P	1.79
VL102Q	1.48
VL102R	1.25
VL102S	1.59
VL102T	0.3
VL102W	1.74
VL102Y	1.49
WL112A	0.55
WL112C	0.77
WL112D	-0.16
WL112E	0.11
WL112F	0.45
WL112G	0.43
WL112H	-0.38
WL112I	0.46
WL112K	0.26
WL112L	0.31
WL112M	0.32
WL112N	-0.08
WL112P	0.8
WL112Q	0.05
WL112R	0.71
WL112S	0.2
WL112T	0.39
WL112V	0.57
WL112Y	-0.25
YL101A	0.4
YL101C	0.77
YL101D	1.54
YL101E	1.52
YL101F	0.39
YL101G	1.12
YL101H	1.23
YL101I	1.26
YL101K	0.94
YL101L	0.86
YL101M	0.48
YL101N	0.71
YL101P	1.2
YL101Q	1.14
YL101R	0.92
YL101S	1.26
YL101T	1.08
YL101V	1.28
YL101W	0.47
YL104A	0.69
YL104C	2.15
YL104D	1.76
YL104E	1.19
YL104F	0.19
YL104G	1.67
YL104H	1.51
YL104I	0.24
YL104K	0.59
YL104L	0.15
YL104M	0.15
YL104N	1.68
YL104P	0.46
YL104Q	1.35
YL104R	0.48
YL104S	1.33
YL104T	1.17
YL104V	0.47
YL104W	0.52