AL102C	0.8
AL102D	1.82
AL102E	1.54
AL102F	1.81
AL102G	0.38
AL102H	2.14
AL102I	2.42
AL102K	2.24
AL102L	1.64
AL102M	1.03
AL102N	2.04
AL102P	0.65
AL102Q	2.15
AL102R	1.94
AL102S	0.85
AL102T	1.7
AL102V	1.73
AL102W	1.47
AL102Y	1.69
AL29C	0.44
AL29D	2.02
AL29E	1.66
AL29F	-0.65
AL29G	0.37
AL29H	2.06
AL29I	1.72
AL29K	0.67
AL29L	0.78
AL29M	0.79
AL29N	-0.4
AL29P	1.51
AL29Q	2.39
AL29R	2.1
AL29S	-0.51
AL29T	1.51
AL29V	1.81
AL29W	1.99
AL29Y	-0.48
AL48C	1.11
AL48D	1.24
AL48E	1.33
AL48F	1.45
AL48G	0.78
AL48H	0.7
AL48I	1.03
AL48K	1.78
AL48L	0.77
AL48M	0.84
AL48N	0.97
AL48P	0.91
AL48Q	1.32
AL48R	1.74
AL48S	0.35
AL48T	1.13
AL48V	0.97
AL48W	0.93
AL48Y	0.74
AL51C	0.3
AL51D	0.39
AL51E	0.31
AL51F	1.01
AL51G	0.54
AL51H	0.92
AL51I	1.07
AL51K	1.49
AL51L	1.26
AL51M	0.3
AL51N	1.22
AL51P	0.38
AL51Q	0.94
AL51R	1.6
AL51S	-0.44
AL51T	0.28
AL51V	0.83
AL51W	-1.19
AL51Y	1.29
DL60A	0.41
DL60C	0.53
DL60E	0.33
DL60F	0.34
DL60G	0.46
DL60H	0.39
DL60I	0.49
DL60K	0.47
DL60L	0.34
DL60M	0.4
DL60N	0.27
DL60P	0.2
DL60Q	0.28
DL60R	0.35
DL60S	0.35
DL60T	0.45
DL60V	0.49
DL60W	0.43
DL60Y	0.4
DL98A	0.21
DL98C	0.31
DL98E	0.21
DL98F	0.29
DL98G	0.06
DL98H	0.44
DL98I	0.31
DL98K	0.19
DL98L	0.3
DL98M	0.29
DL98N	0.06
DL98P	0.02
DL98Q	0.23
DL98R	-0.08
DL98S	-0.02
DL98T	-0.02
DL98V	0.29
DL98W	0.34
DL98Y	0.28
EL100A	-0.11
EL100C	1.13
EL100D	-0.09
EL100F	-0.03
EL100G	0.04
EL100H	-0.04
EL100I	-0.09
EL100K	0.07
EL100L	-0.05
EL100M	-0.08
EL100N	-0.01
EL100P	0.36
EL100Q	-0.2
EL100R	0.19
EL100S	0.14
EL100T	-0.04
EL100V	0.05
EL100W	-0.12
EL100Y	0.05
EL103A	-0.11
EL103C	0.3
EL103D	-0.08
EL103F	-0.02
EL103G	-0.01
EL103H	-0.01
EL103I	0.23
EL103K	-0.04
EL103L	0.18
EL103M	0.22
EL103N	0.03
EL103P	0.08
EL103Q	-0.05
EL103R	-0.09
EL103S	-0.06
EL103T	-0.03
EL103V	0.16
EL103W	-0.04
EL103Y	-0.07
FL35A	1.78
FL35C	1.83
FL35D	1.93
FL35E	1.71
FL35G	2.17
FL35H	1.66
FL35I	1.85
FL35K	2.54
FL35L	1.6
FL35M	1.69
FL35N	1.74
FL35P	2.05
FL35Q	1.69
FL35R	2.16
FL35S	1.82
FL35T	1.74
FL35V	1.63
FL35W	1.46
FL35Y	0.98
FL45A	1.89
FL45C	1.69
FL45D	2.36
FL45E	1.55
FL45G	2.37
FL45H	1.59
FL45I	1.02
FL45K	2.2
FL45L	1.17
FL45M	1.19
FL45N	1.87
FL45P	2.32
FL45Q	1.67
FL45R	1.98
FL45S	2.49
FL45T	2.18
FL45V	1.47
FL45W	0.7
FL45Y	0.58
GL28A	-0.3
GL28C	0.23
GL28D	0.45
GL28E	0.45
GL28F	-0.16
GL28H	0.44
GL28I	-0.04
GL28K	-0.33
GL28L	0.02
GL28M	-0.06
GL28N	-0.21
GL28P	0.38
GL28Q	-0.46
GL28R	0.39
GL28S	-0.73
GL28T	-0.78
GL28V	0.2
GL28W	0.15
GL28Y	-0.03
HL30A	0.6
HL30C	0.66
HL30D	0.64
HL30E	0.51
HL30F	-0.74
HL30G	0.79
HL30I	0.29
HL30K	0.57
HL30L	0.49
HL30M	0.45
HL30N	0.39
HL30P	0.67
HL30Q	0.48
HL30R	0.53
HL30S	0.29
HL30T	0.49
HL30V	0.52
HL30W	0.22
HL30Y	-1.01
IL99A	0.65
IL99C	0.6
IL99D	0.46
IL99E	0.4
IL99F	0.75
IL99G	0.05
IL99H	0.36
IL99K	0.48
IL99L	0.14
IL99M	0.41
IL99N	0.28
IL99P	0.57
IL99Q	0.06
IL99R	0.41
IL99S	0.23
IL99T	0.62
IL99V	0.2
IL99W	-0.54
IL99Y	0.74
LL59A	-0.86
LL59C	0.16
LL59D	0.59
LL59E	0.57
LL59F	0.47
LL59G	0.58
LL59H	0.5
LL59I	0.05
LL59K	0.09
LL59M	-0.07
LL59N	0.49
LL59P	1.09
LL59Q	0.5
LL59R	-0.28
LL59S	-0.78
LL59T	0.35
LL59V	-0.12
LL59W	0.76
LL59Y	0.47
ML55A	0.74
ML55C	0.03
ML55D	0.3
ML55E	0.23
ML55F	-0.04
ML55G	0.43
ML55H	0.16
ML55I	1.91
ML55K	-0.03
ML55L	-0.04
ML55N	0.0
ML55P	1.95
ML55Q	0.16
ML55R	0.2
ML55S	0.49
ML55T	0.98
ML55V	1.49
ML55W	0.22
ML55Y	-0.22
NL57A	0.61
NL57C	0.64
NL57D	0.46
NL57E	0.62
NL57F	-0.31
NL57G	0.79
NL57H	-0.11
NL57I	0.23
NL57K	0.19
NL57L	0.14
NL57M	-0.04
NL57P	1.56
NL57Q	0.28
NL57R	0.12
NL57S	0.39
NL57T	0.28
NL57V	0.6
NL57W	0.26
NL57Y	-0.52
NL72A	1.51
NL72C	1.51
NL72D	1.06
NL72E	1.36
NL72F	1.19
NL72G	1.28
NL72H	0.92
NL72I	1.36
NL72K	1.39
NL72L	1.57
NL72M	1.32
NL72P	1.69
NL72Q	1.04
NL72R	1.54
NL72S	0.99
NL72T	1.35
NL72V	1.69
NL72W	1.34
NL72Y	1.15
RL31A	-0.72
RL31C	0.27
RL31D	1.94
RL31E	2.08
RL31F	0.33
RL31G	2.25
RL31H	1.27
RL31I	0.91
RL31K	0.91
RL31L	0.74
RL31M	0.56
RL31N	1.4
RL31P	0.87
RL31Q	0.57
RL31S	1.07
RL31T	1.1
RL31V	-0.54
RL31W	0.15
RL31Y	-1.32
RL97A	1.31
RL97C	1.69
RL97D	2.28
RL97E	2.21
RL97F	2.96
RL97G	1.54
RL97H	2.79
RL97I	2.5
RL97K	1.67
RL97L	1.72
RL97M	1.04
RL97N	1.9
RL97P	1.56
RL97Q	1.54
RL97S	1.4
RL97T	1.45
RL97V	1.99
RL97W	1.97
RL97Y	3.03
SL52A	0.54
SL52C	0.77
SL52D	0.65
SL52E	1.15
SL52F	1.17
SL52G	0.8
SL52H	1.97
SL52I	0.93
SL52K	0.58
SL52L	1.13
SL52M	0.39
SL52N	0.58
SL52P	0.29
SL52Q	0.43
SL52R	1.22
SL52T	0.78
SL52V	0.84
SL52W	1.45
SL52Y	1.12
YL104A	2.2
YL104C	1.98
YL104D	1.93
YL104E	1.55
YL104F	0.67
YL104G	1.83
YL104H	1.61
YL104I	1.86
YL104K	2.19
YL104L	1.76
YL104M	1.44
YL104N	1.81
YL104P	2.1
YL104Q	1.72
YL104R	1.64
YL104S	1.68
YL104T	2.15
YL104V	1.31
YL104W	0.56