DL119A	1.95
DL119C	1.57
DL119E	1.65
DL119F	1.79
DL119G	1.68
DL119H	1.59
DL119I	1.56
DL119K	1.98
DL119L	1.43
DL119M	1.43
DL119N	1.59
DL119P	1.59
DL119Q	1.56
DL119R	1.66
DL119S	1.77
DL119T	1.41
DL119V	1.37
DL119W	1.68
DL119Y	1.8
DL51A	0.57
DL51C	0.74
DL51E	0.5
DL51F	0.8
DL51G	0.76
DL51H	0.9
DL51I	0.91
DL51K	0.55
DL51L	0.94
DL51M	0.77
DL51N	0.21
DL51P	0.69
DL51Q	0.53
DL51R	0.66
DL51S	-0.79
DL51T	0.39
DL51V	0.9
DL51W	0.95
DL51Y	0.92
EL127A	0.04
EL127C	-0.03
EL127D	0.05
EL127F	-0.24
EL127G	-0.14
EL127H	0.03
EL127I	0.01
EL127K	1.28
EL127L	0.03
EL127M	-0.24
EL127N	0.03
EL127P	0.0
EL127Q	0.02
EL127R	1.34
EL127S	0.18
EL127T	0.17
EL127V	0.01
EL127W	-0.33
EL127Y	-0.35
GL131A	1.8
GL131C	1.84
GL131D	2.33
GL131E	2.4
GL131F	2.0
GL131H	1.9
GL131I	1.84
GL131K	2.26
GL131L	1.87
GL131M	1.89
GL131N	1.61
GL131P	1.87
GL131Q	1.83
GL131R	1.71
GL131S	1.76
GL131T	1.81
GL131V	1.94
GL131W	1.87
GL131Y	1.61
LL121A	1.27
LL121C	1.93
LL121D	1.99
LL121E	2.84
LL121F	1.39
LL121G	1.16
LL121H	1.3
LL121I	1.23
LL121K	1.35
LL121M	0.89
LL121N	1.21
LL121P	1.49
LL121Q	1.57
LL121R	0.43
LL121S	1.35
LL121T	1.1
LL121V	1.64
LL121W	1.81
LL121Y	1.36
LL129A	-0.31
LL129C	-0.24
LL129D	-0.32
LL129E	-0.31
LL129F	-0.05
LL129G	-0.34
LL129H	0.0
LL129I	-0.38
LL129K	-0.37
LL129M	-0.24
LL129N	-0.31
LL129P	-0.26
LL129Q	-0.27
LL129R	-0.25
LL129S	-0.26
LL129T	-0.25
LL129V	-0.21
LL129W	-0.39
LL129Y	-0.34
NL120A	-0.19
NL120C	0.33
NL120D	0.23
NL120E	0.46
NL120F	0.41
NL120G	-0.25
NL120H	0.49
NL120I	0.02
NL120K	-0.22
NL120L	-0.15
NL120M	-0.26
NL120P	0.29
NL120Q	-0.37
NL120R	-0.13
NL120S	-0.27
NL120T	-0.01
NL120V	0.1
NL120W	0.42
NL120Y	0.34
NL128A	0.16
NL128C	0.32
NL128D	0.7
NL128E	0.6
NL128F	0.3
NL128G	0.15
NL128H	0.06
NL128I	0.62
NL128K	0.6
NL128L	0.59
NL128M	0.58
NL128P	0.41
NL128Q	0.24
NL128R	0.24
NL128S	0.11
NL128T	0.11
NL128V	0.41
NL128W	0.17
NL128Y	-0.59
NL74A	0.57
NL74C	1.27
NL74D	1.22
NL74E	1.51
NL74F	1.01
NL74G	0.7
NL74H	2.26
NL74I	1.58
NL74K	0.82
NL74L	1.42
NL74M	0.0
NL74P	0.31
NL74Q	0.99
NL74R	1.39
NL74S	0.21
NL74T	0.63
NL74V	1.16
NL74W	2.43
NL74Y	2.36
NL75A	0.64
NL75C	0.47
NL75D	-0.2
NL75E	0.45
NL75F	0.65
NL75G	0.08
NL75H	0.59
NL75I	0.7
NL75K	0.38
NL75L	0.49
NL75M	0.1
NL75P	0.8
NL75Q	0.62
NL75R	0.88
NL75S	0.04
NL75T	0.67
NL75V	0.71
NL75W	1.12
NL75Y	0.72
PL82A	-0.16
PL82C	0.42
PL82D	-0.09
PL82E	0.16
PL82F	0.46
PL82G	0.31
PL82H	0.58
PL82I	0.36
PL82K	0.3
PL82L	0.59
PL82M	0.38
PL82N	-0.13
PL82Q	0.07
PL82R	0.37
PL82S	-0.07
PL82T	0.89
PL82V	0.9
PL82W	0.61
PL82Y	0.47
RL124A	-0.02
RL124C	0.17
RL124D	0.1
RL124E	0.3
RL124F	-0.3
RL124G	-0.12
RL124H	0.29
RL124I	0.15
RL124K	0.06
RL124L	0.03
RL124M	-0.03
RL124N	0.16
RL124P	0.26
RL124Q	0.26
RL124S	-0.1
RL124T	0.1
RL124V	0.14
RL124W	-0.47
RL124Y	-0.71
RL71A	2.18
RL71C	2.84
RL71D	3.31
RL71E	3.2
RL71F	3.2
RL71G	3.73
RL71H	3.43
RL71I	1.68
RL71K	3.27
RL71L	1.55
RL71M	1.49
RL71N	2.86
RL71P	3.34
RL71Q	3.27
RL71S	2.43
RL71T	2.45
RL71V	1.12
RL71W	3.44
RL71Y	3.05
RL77A	0.35
RL77C	0.56
RL77D	0.18
RL77E	0.39
RL77F	0.37
RL77G	0.32
RL77H	0.33
RL77I	0.75
RL77K	0.89
RL77L	0.51
RL77M	0.31
RL77N	-0.17
RL77P	1.28
RL77Q	0.22
RL77S	-0.5
RL77T	-0.12
RL77V	0.47
RL77W	0.43
RL77Y	-0.02
SL79A	0.31
SL79C	0.56
SL79D	1.31
SL79E	1.38
SL79F	-1.02
SL79G	0.81
SL79H	0.09
SL79I	1.29
SL79K	0.66
SL79L	0.64
SL79M	0.41
SL79N	0.44
SL79P	0.98
SL79Q	0.51
SL79R	0.2
SL79T	-0.32
SL79V	0.25
SL79W	0.35
SL79Y	-1.48
WL68A	3.01
WL68C	2.99
WL68D	2.09
WL68E	1.86
WL68F	2.1
WL68G	2.97
WL68H	1.87
WL68I	1.95
WL68K	2.15
WL68L	1.86
WL68M	1.99
WL68N	1.79
WL68P	2.09
WL68Q	2.06
WL68R	2.58
WL68S	2.98
WL68T	2.94
WL68V	1.64
WL68Y	1.82
YL130A	0.47
YL130C	0.33
YL130D	0.51
YL130E	1.13
YL130F	0.13
YL130G	0.89
YL130H	0.33
YL130I	0.11
YL130K	0.53
YL130L	0.29
YL130M	-0.06
YL130N	0.43
YL130P	0.41
YL130Q	0.73
YL130R	0.57
YL130S	1.04
YL130T	0.36
YL130V	0.35
YL130W	0.2
YL73A	2.28
YL73C	2.4
YL73D	3.52
YL73E	2.45
YL73F	1.87
YL73G	2.24
YL73H	3.19
YL73I	2.34
YL73K	2.41
YL73L	2.6
YL73M	1.74
YL73N	2.07
YL73P	2.28
YL73Q	2.49
YL73R	2.22
YL73S	0.95
YL73T	2.25
YL73V	2.21
YL73W	1.2